{
  "dag_id": "urp_gestion_dag",
  "project_id": "slv-tpg-urp-2025-464218",
  "location": "us-central1",
  "create_disposition": "CREATE_IF_NEEDED",
  "write_dispositions": [
    {
      "write_disposition": "WRITE_TRUNCATE",
      "scripts": [
        "urp_aula",
        "urp_carrera",
        "urp_curso",
        "urp_estudiante",
        "urp_horario",
        "urp_profesor",
        "urp_estado_carrera",
        "urp_inscripcion_carrera",
        "urp_ocurrencia_curso",
        "urp_nivel_carrera"
      ]
    }
    ],
  "mail_responsables": ["joseph.iparraguirre@urp.edu.pe"]
}
